,id,label,top_pred,0,1,2,3,4
0,real_00400.png,no_diffraction,1,0.00010565581760602072,0.5690531134605408,0.43057653307914734,0.00025865036877803504,5.937092282692902e-06
