,id,label,top_pred,no_diffraction,diffraction
0,real_00342.png,no_diffraction,0,0.584344744682312,0.4156552851200104
1,real_00431.png,no_diffraction,0,0.5546981692314148,0.4453018307685852
2,real_00293.png,diffraction,0,0.5899438858032227,0.41005608439445496
