,id,label,top_pred,0,1,2,3,4
0,real_00402.png,no_diffraction,1,7.562114478787407e-05,0.5856325626373291,0.41427528858184814,1.6463682186440565e-05,5.128486968430934e-09
1,real_00207.png,no_diffraction,1,4.338683356763795e-05,0.5866355299949646,0.4123620092868805,0.0009547621011734009,4.26414317189483e-06
2,real_00265.png,no_diffraction,2,0.0003510946116875857,0.4051373302936554,0.5936005115509033,0.0009050148073583841,6.08939308222034e-06
3,real_00068.png,no_diffraction,2,5.605888873105869e-06,0.4663386344909668,0.5336166620254517,3.9043385186232626e-05,2.298481849294376e-09
4,real_00274.png,no_diffraction,2,4.571880253934069e-06,0.42776936292648315,0.5722249150276184,1.1079017667725566e-06,4.254717467233604e-09
5,real_00408.png,no_diffraction,2,0.0002010577154578641,0.4789954125881195,0.5203778147697449,0.0004243424045853317,1.3632773061544867e-06
6,real_00128.png,diffraction,2,0.00015454205276910216,0.4735856056213379,0.5262563824653625,3.5105424558423692e-06,6.86244483460996e-09
