,id,label,top_pred,blank,no-crystal,weak,good,strong
0,real_00342.png,no_diffraction,1,8.917893865145743e-05,0.9042726159095764,0.09528236836194992,0.0003456318227108568,1.0289223610016052e-05
1,real_00028.png,no_diffraction,1,5.1433271437417716e-05,0.9000869393348694,0.09940987080335617,0.00044222231372259557,9.514288649370428e-06
