,id,label,top_pred,blank,no-crystal,weak,good,strong
0,real_00227.png,no_diffraction,1,0.005339534021914005,0.5909480452537537,0.3903191089630127,0.012363036163151264,0.001030291081406176
