,id,label,top_pred,no_diffraction,diffraction
0,real_00223.png,no_diffraction,0,0.9641812443733215,0.03581878915429115
1,real_00306.png,no_diffraction,0,0.9230119585990906,0.07698796689510345
2,real_00270.png,no_diffraction,0,0.9862989783287048,0.01370100025087595
3,real_00173.png,no_diffraction,0,0.9359982013702393,0.06400180608034134
4,real_00441.png,no_diffraction,0,0.9681057333946228,0.0318942554295063
