,id,label,top_pred,blank,no-crystal,weak,good,strong
0,fake_22967.png,weak,3,0.0001846585510065779,0.0003669004363473505,0.2665960490703583,0.7326628565788269,0.00018954757251776755
1,fake_14809.png,weak,1,2.6777675884659402e-05,0.9705547094345093,0.029414910823106766,3.6849742173217237e-06,3.943007587103864e-10
2,fake_20670.png,good,4,0.0009197946055792272,0.00035836000461131334,0.0018254900351166725,0.4642038345336914,0.532692551612854
3,fake_23809.png,no-crystal,2,0.025500182062387466,0.16827481985092163,0.8059900999069214,0.00023450714070349932,4.090194636319211e-07
