,id,label,top_pred,blank,no-crystal,weak,good,strong
0,fake_13801.png,weak,2,3.3904941574292025e-06,2.4698583729332313e-05,0.5032278299331665,0.4967433512210846,7.676915174670285e-07
1,fake_20670.png,good,4,0.0009197946055792272,0.00035836000461131334,0.0018254900351166725,0.4642038345336914,0.532692551612854
