,id,label,top_pred,blank,no-crystal,weak,good,strong
0,real_00266.png,diffraction,2,0.000634776777587831,3.673164599149459e-07,0.597204327583313,0.4021569788455963,3.5083276088698767e-06
