,id,label,top_pred,blank,no-crystal,weak,good,strong
0,real_00341.png,diffraction,2,5.6787442803685195e-11,1.3506343599090087e-08,0.9999955892562866,4.4535995584737975e-06,4.595450539199297e-13
1,real_00133.png,diffraction,2,2.877306748416686e-08,3.1592975346939056e-07,0.9999129772186279,8.671137038618326e-05,1.9759263669705263e-10
2,real_00491.png,diffraction,2,2.6625418883541307e-11,4.882898974045702e-09,0.9998786449432373,0.00012130302638979629,3.1012456058049365e-12
3,real_00171.png,diffraction,2,1.1407539496355312e-10,1.9004037454806166e-08,0.9993533492088318,0.0006466092308983207,3.3871978138977354e-11
4,real_00334.png,diffraction,3,9.819055291071521e-11,9.414439716692868e-08,0.00072933838237077,0.9992527365684509,1.7750257029547356e-05
5,real_00149.png,diffraction,2,2.337960988002541e-12,4.3852055320314776e-09,0.9999314546585083,6.859521818114445e-05,8.776170437076181e-13
6,real_00130.png,diffraction,2,1.599219506820404e-10,4.267337594399123e-09,0.9999983310699463,1.6928814829952898e-06,1.6991072990853867e-13
7,real_00022.png,diffraction,2,2.8903204829511253e-10,1.394344195659869e-07,0.9957591891288757,0.004240662325173616,1.7323938950042361e-09
