,id,label,top_pred,blank,no-crystal,weak,good,strong
0,real_00385.png,diffraction,2,6.227358539945271e-07,3.220736289222259e-06,0.5929722785949707,0.407022625207901,1.2529575315056718e-06
