,id,label,top_pred,blank,no-crystal,weak,good,strong
0,fake_14809.png,weak,1,3.449890328965921e-08,0.9948542714118958,0.005143646616488695,2.082675337078399e-06,3.011625793192252e-08
1,fake_22599.png,strong,3,2.1969597696624987e-08,8.969551146265076e-08,3.2311456834577257e-06,0.947046160697937,0.052950501441955566
