,id,label,top_pred,blank,no-crystal,weak,good,strong
0,real_00339.png,no_diffraction,2,2.1982524689434513e-09,0.00039149075746536255,0.9996080994606018,5.137278549227631e-07,1.3348867401263929e-14
1,real_00378.png,no_diffraction,2,1.7686062614430398e-09,7.266782631631941e-06,0.9999926090240479,1.0124059457439216e-07,8.425505018369898e-16
2,real_00306.png,no_diffraction,2,0.0001968371943803504,0.05134570226073265,0.9479065537452698,0.0005506738089025021,2.1584413900654909e-07
3,real_00173.png,no_diffraction,2,2.3817124201741535e-06,0.00133522879332304,0.9985087513923645,0.00015372197958640754,2.830897738448357e-10
4,real_00075.png,no_diffraction,2,2.5786417268136574e-07,0.0006210820865817368,0.999351441860199,2.7119327569380403e-05,3.4512631467975563e-12
