,id,label,top_pred,blank,no-crystal,weak,good,strong
0,real_00149.png,diffraction,3,0.0036751606967300177,0.010148117318749428,0.4125021994113922,0.5711668133735657,0.002507597440853715
