,id,label,top_pred,blank,no-crystal,weak,good,strong
0,real_00402.png,no_diffraction,0,0.9300693273544312,0.04518718644976616,0.024742837995290756,5.212048108660383e-07,7.21038944107022e-08
1,real_00450.png,no_diffraction,0,0.968732476234436,0.01943284645676613,0.01183470617979765,4.9548098957075126e-08,5.546771930653449e-09
2,real_00342.png,no_diffraction,0,0.9590540528297424,0.03006312996149063,0.010882765986025333,2.644100938198335e-08,2.130323473181761e-09
3,real_00309.png,no_diffraction,0,0.9358068108558655,0.034060847014188766,0.030127469450235367,3.97679696106934e-06,7.525572982558515e-07
4,real_00431.png,no_diffraction,0,0.9692221283912659,0.018802786245942116,0.011974905617535114,6.466617463729563e-08,6.723111845019503e-09
