,id,label,top_pred,0,1,2,3,4
0,real_00396.png,no_diffraction,1,0.001998982625082135,0.5193983912467957,0.4760737717151642,0.002470223931595683,5.854138726135716e-05
1,real_00294.png,no_diffraction,1,0.00045616933493874967,0.5096256136894226,0.48823821544647217,0.0016592461615800858,2.0696177671197802e-05
2,real_00329.png,diffraction,1,0.003074905602261424,0.5225380659103394,0.4656834602355957,0.008383103646337986,0.0003204366657882929
3,real_00168.png,diffraction,1,0.0008522288408130407,0.5112671256065369,0.48185089230537415,0.0058989510871469975,0.0001308837381657213
