,id,label,top_pred,0,1,2,3,4
0,real_00465.png,no_diffraction,3,0.010282427072525024,0.04493511840701103,0.3911210000514984,0.5336132049560547,0.02004825696349144
1,real_00275.png,no_diffraction,3,0.000589500239584595,0.0016510150162503123,0.007359777111560106,0.5445005297660828,0.4458991587162018
2,real_00152.png,no_diffraction,2,0.014904394745826721,0.22181451320648193,0.35037684440612793,0.3286529779434204,0.08425137400627136
3,real_00149.png,diffraction,2,6.756993570888881e-06,0.000673654954880476,0.5892310738563538,0.4100717306137085,1.6707013855921105e-05
4,real_00300.png,diffraction,2,0.00030776619678363204,0.0013061813078820705,0.5695185661315918,0.42832350730895996,0.0005440128734335303
5,real_00272.png,diffraction,4,2.9454557903818568e-08,1.9611584889389633e-07,3.522801125654951e-05,0.40371423959732056,0.5962502360343933
6,real_00314.png,diffraction,2,9.357443923363462e-05,0.002950862981379032,0.5003198981285095,0.4862290322780609,0.010406582616269588
