,id,label,top_pred,blank,no-crystal,weak,good,strong
0,fake_23980.png,good,2,1.1341765571160067e-07,1.3201786714489572e-05,0.5117742419242859,0.4881956875324249,1.676375359238591e-05
1,fake_17891.png,good,3,2.528409881637217e-13,1.9415287723346074e-14,4.2624525437018335e-11,0.5905354619026184,0.4094644784927368
2,fake_13532.png,strong,3,7.03856623592708e-13,2.1268913279887114e-13,2.5121052460441717e-10,0.5829582810401917,0.4170416593551636
3,fake_18456.png,strong,4,1.0781524978353829e-11,6.8896676558294345e-12,3.295813177928153e-09,0.46132391691207886,0.5386760830879211
4,fake_16063.png,strong,4,1.0824948928770187e-14,2.531085853535171e-15,7.766917317630906e-12,0.40135228633880615,0.5986476540565491
5,fake_18079.png,strong,4,9.63134601369639e-14,2.306692705768276e-13,2.3115938330153796e-10,0.470056414604187,0.529943585395813
