,id,label,top_pred,0,1,2,3,4
0,real_00438.png,diffraction,3,4.65935166005238e-08,6.51362051939941e-06,0.42612946033477783,0.5738602876663208,3.6003173136123223e-06
