,id,label,top_pred,0,1,2,3,4
0,real_00366.png,no_diffraction,2,9.772160410648212e-06,6.546852819155902e-05,0.5779682993888855,0.42158299684524536,0.0003734717611223459
1,real_00465.png,no_diffraction,4,0.029337547719478607,0.007730512879788876,0.03713452070951462,0.3796408474445343,0.5461565852165222
2,real_00400.png,no_diffraction,2,0.0019264291040599346,0.011875602416694164,0.5366477966308594,0.4421025216579437,0.00744771771132946
3,real_00413.png,diffraction,2,0.0001848789834184572,0.00027813107590191066,0.5875193476676941,0.41188690066337585,0.00013071806461084634
4,real_00182.png,diffraction,3,0.00031777977710589767,0.00035442650550976396,0.43275463581085205,0.5625443458557129,0.004028803203254938
5,real_00335.png,diffraction,3,8.156678999761413e-13,1.965526062763269e-14,7.543882851734907e-09,0.5353375673294067,0.46466243267059326
