,id,label,top_pred,0,1,2,3,4
0,real_00019.png,no_diffraction,2,6.1614155129063874e-06,0.4294203221797943,0.5705733299255371,1.0713629450265216e-07,5.1147671167872666e-14
1,real_00022.png,diffraction,2,0.0011004252592101693,0.005979152396321297,0.5483222007751465,0.4441767632961273,0.00042144465260207653
2,real_00292.png,diffraction,2,5.0930284487549216e-06,0.44848543405532837,0.5515089631080627,5.309097446115629e-07,1.0123639123185701e-12
3,real_00228.png,diffraction,2,0.0004947811248712242,0.006684308871626854,0.5984492301940918,0.3942049443721771,0.00016672966012265533
4,real_00266.png,diffraction,2,0.007420616690069437,0.02029743418097496,0.5611114501953125,0.41014838218688965,0.0010222273413091898
5,real_00054.png,diffraction,3,0.011168261989951134,0.02123105339705944,0.3639098107814789,0.5986109972000122,0.0050798216834664345
6,real_00072.png,diffraction,2,0.0025024935603141785,0.008533786982297897,0.5064286589622498,0.481696218252182,0.0008388477144762874
