,id,label,top_pred,0,1,2,3,4
0,real_00287.png,diffraction,3,2.989382468101017e-22,2.3460421289200895e-05,0.004128845874220133,0.5414720773696899,0.45437559485435486
