,id,label,top_pred,blank,no-crystal,weak,good,strong
0,real_00194.png,no_diffraction,1,4.450794222066179e-06,0.9481061697006226,0.05188790708780289,1.579714876243088e-06,4.232453321151297e-08
1,real_00207.png,no_diffraction,1,4.0434193238070293e-07,0.9311674237251282,0.06883030384778976,1.7236998246517032e-06,2.109131358452032e-08
2,real_00144.png,no_diffraction,1,3.1944522582705304e-09,0.9617359042167664,0.038264110684394836,3.985280017104742e-08,1.65691155240566e-10
3,real_00212.png,no_diffraction,1,3.887337697960902e-06,0.9004817605018616,0.09951201826334,2.3699135454080533e-06,3.1822345647469774e-08
4,real_00294.png,no_diffraction,1,1.7634397408983205e-07,0.9362965822219849,0.0637030228972435,1.0975666953072505e-07,5.685185655579517e-10
5,real_00489.png,no_diffraction,1,2.8804002738525014e-08,0.9074239134788513,0.09257607907056808,4.2474418648907886e-08,1.3863120373880378e-10
6,real_00115.png,diffraction,2,0.007226169109344482,0.0008048253366723657,0.991824209690094,0.0001447616668883711,8.554464869803269e-08
